"FullName","Name","BaseName","DirectoryName","Category","RelativePath"
"C:\Users\haydar\Desktop\end_project\readyroad_front_end\web_app\public\images\signs\additional_signs\GIa Aanduiding van een afstand.png","GIa Aanduiding van een afstand.png","GIa Aanduiding van een afstand","C:\Users\haydar\Desktop\end_project\readyroad_front_end\web_app\public\images\signs\additional_signs","additional_signs","public\images\signs\additional_signs\GIa Aanduiding van een afstand.png"
"C:\Users\haydar\Desktop\end_project\readyroad_front_end\web_app\public\images\signs\additional_signs\GIb Aanduiding van een afstand.png","GIb Aanduiding van een afstand.png","GIb Aanduiding van een afstand","C:\Users\haydar\Desktop\end_project\readyroad_front_end\web_app\public\images\signs\additional_signs","additional_signs","public\images\signs\additional_signs\GIb Aanduiding van een afstand.png"
"C:\Users\haydar\Desktop\end_project\readyroad_front_end\web_app\public\images\signs\additional_signs\GIII- Opgepast kans op aquaplaning.png","GIII- Opgepast kans op aquaplaning.png","GIII- Opgepast kans op aquaplaning","C:\Users\haydar\Desktop\end_project\readyroad_front_end\web_app\public\images\signs\additional_signs","additional_signs","public\images\signs\additional_signs\GIII- Opgepast kans op aquaplaning.png"
"C:\Users\haydar\Desktop\end_project\readyroad_front_end\web_app\public\images\signs\additional_signs\GIII Opgepast kans op ijzel.png","GIII Opgepast kans op ijzel.png","GIII Opgepast kans op ijzel","C:\Users\haydar\Desktop\end_project\readyroad_front_end\web_app\public\images\signs\additional_signs","additional_signs","public\images\signs\additional_signs\GIII Opgepast kans op ijzel.png"
"C:\Users\haydar\Desktop\end_project\readyroad_front_end\web_app\public\images\signs\additional_signs\GVIIa Aanvulling van de verkeersborden voor parkeren.png","GVIIa Aanvulling van de verkeersborden voor parkeren.png","GVIIa Aanvulling van de verkeersborden voor parkeren","C:\Users\haydar\Desktop\end_project\readyroad_front_end\web_app\public\images\signs\additional_signs","additional_signs","public\images\signs\additional_signs\GVIIa Aanvulling van de verkeersborden voor parkeren.png"
"C:\Users\haydar\Desktop\end_project\readyroad_front_end\web_app\public\images\signs\additional_signs\GVIIb Aanvulling van de verkeersborden voor parkeren.png","GVIIb Aanvulling van de verkeersborden voor parkeren.png","GVIIb Aanvulling van de verkeersborden voor parkeren","C:\Users\haydar\Desktop\end_project\readyroad_front_end\web_app\public\images\signs\additional_signs","additional_signs","public\images\signs\additional_signs\GVIIb Aanvulling van de verkeersborden voor parkeren.png"
"C:\Users\haydar\Desktop\end_project\readyroad_front_end\web_app\public\images\signs\additional_signs\GVIId Aanvulling van de verkeersborden voor parkeren.png","GVIId Aanvulling van de verkeersborden voor parkeren.png","GVIId Aanvulling van de verkeersborden voor parkeren","C:\Users\haydar\Desktop\end_project\readyroad_front_end\web_app\public\images\signs\additional_signs","additional_signs","public\images\signs\additional_signs\GVIId Aanvulling van de verkeersborden voor parkeren.png"
"C:\Users\haydar\Desktop\end_project\readyroad_front_end\web_app\public\images\signs\additional_signs\GVIII Voorrangs aanduiding.png","GVIII Voorrangs aanduiding.png","GVIII Voorrangs aanduiding","C:\Users\haydar\Desktop\end_project\readyroad_front_end\web_app\public\images\signs\additional_signs","additional_signs","public\images\signs\additional_signs\GVIII Voorrangs aanduiding.png"
"C:\Users\haydar\Desktop\end_project\readyroad_front_end\web_app\public\images\signs\additional_signs\GXI Afrit.png","GXI Afrit.png","GXI Afrit","C:\Users\haydar\Desktop\end_project\readyroad_front_end\web_app\public\images\signs\additional_signs","additional_signs","public\images\signs\additional_signs\GXI Afrit.png"
"C:\Users\haydar\Desktop\end_project\readyroad_front_end\web_app\public\images\signs\danger_signs\A11 Uitweg op kaai of oever.png","A11 Uitweg op kaai of oever.png","A11 Uitweg op kaai of oever","C:\Users\haydar\Desktop\end_project\readyroad_front_end\web_app\public\images\signs\danger_signs","danger_signs","public\images\signs\danger_signs\A11 Uitweg op kaai of oever.png"
"C:\Users\haydar\Desktop\end_project\readyroad_front_end\web_app\public\images\signs\danger_signs\A13 Dwarse uitholling of ezelsrug.png","A13 Dwarse uitholling of ezelsrug.png","A13 Dwarse uitholling of ezelsrug","C:\Users\haydar\Desktop\end_project\readyroad_front_end\web_app\public\images\signs\danger_signs","danger_signs","public\images\signs\danger_signs\A13 Dwarse uitholling of ezelsrug.png"
"C:\Users\haydar\Desktop\end_project\readyroad_front_end\web_app\public\images\signs\danger_signs\A14 Verhoogde inrichting.png","A14 Verhoogde inrichting.png","A14 Verhoogde inrichting","C:\Users\haydar\Desktop\end_project\readyroad_front_end\web_app\public\images\signs\danger_signs","danger_signs","public\images\signs\danger_signs\A14 Verhoogde inrichting.png"
"C:\Users\haydar\Desktop\end_project\readyroad_front_end\web_app\public\images\signs\danger_signs\A15 Gladde rijbaan - Slipgevaar.png","A15 Gladde rijbaan - Slipgevaar.png","A15 Gladde rijbaan - Slipgevaar","C:\Users\haydar\Desktop\end_project\readyroad_front_end\web_app\public\images\signs\danger_signs","danger_signs","public\images\signs\danger_signs\A15 Gladde rijbaan - Slipgevaar.png"
"C:\Users\haydar\Desktop\end_project\readyroad_front_end\web_app\public\images\signs\danger_signs\A17 Kiezelprojectie.png","A17 Kiezelprojectie.png","A17 Kiezelprojectie","C:\Users\haydar\Desktop\end_project\readyroad_front_end\web_app\public\images\signs\danger_signs","danger_signs","public\images\signs\danger_signs\A17 Kiezelprojectie.png"
"C:\Users\haydar\Desktop\end_project\readyroad_front_end\web_app\public\images\signs\danger_signs\A19 Vallende stenen links.png","A19 Vallende stenen links.png","A19 Vallende stenen links","C:\Users\haydar\Desktop\end_project\readyroad_front_end\web_app\public\images\signs\danger_signs","danger_signs","public\images\signs\danger_signs\A19 Vallende stenen links.png"
"C:\Users\haydar\Desktop\end_project\readyroad_front_end\web_app\public\images\signs\danger_signs\A1a Gevaarlijke bocht naar links.png","A1a Gevaarlijke bocht naar links.png","A1a Gevaarlijke bocht naar links","C:\Users\haydar\Desktop\end_project\readyroad_front_end\web_app\public\images\signs\danger_signs","danger_signs","public\images\signs\danger_signs\A1a Gevaarlijke bocht naar links.png"
"C:\Users\haydar\Desktop\end_project\readyroad_front_end\web_app\public\images\signs\danger_signs\A1b Gevaarlijke bocht naar links.png","A1b Gevaarlijke bocht naar links.png","A1b Gevaarlijke bocht naar links","C:\Users\haydar\Desktop\end_project\readyroad_front_end\web_app\public\images\signs\danger_signs","danger_signs","public\images\signs\danger_signs\A1b Gevaarlijke bocht naar links.png"
"C:\Users\haydar\Desktop\end_project\readyroad_front_end\web_app\public\images\signs\danger_signs\A1c Gevaarlijke dubbele of meer dan twee bochten, de eerste naar links.png","A1c Gevaarlijke dubbele of meer dan twee bochten, de eerste naar links.png","A1c Gevaarlijke dubbele of meer dan twee bochten, de eerste naar links","C:\Users\haydar\Desktop\end_project\readyroad_front_end\web_app\public\images\signs\danger_signs","danger_signs","public\images\signs\danger_signs\A1c Gevaarlijke dubbele of meer dan twee bochten, de eerste naar links.png"
"C:\Users\haydar\Desktop\end_project\readyroad_front_end\web_app\public\images\signs\danger_signs\A1d Gevaarlijke dubbele bocht (links-rechts).png","A1d Gevaarlijke dubbele bocht (links-rechts).png","A1d Gevaarlijke dubbele bocht (links-rechts)","C:\Users\haydar\Desktop\end_project\readyroad_front_end\web_app\public\images\signs\danger_signs","danger_signs","public\images\signs\danger_signs\A1d Gevaarlijke dubbele bocht (links-rechts).png"
"C:\Users\haydar\Desktop\end_project\readyroad_front_end\web_app\public\images\signs\danger_signs\A21 Oversteekplaats voor voetgangers.png","A21 Oversteekplaats voor voetgangers.png","A21 Oversteekplaats voor voetgangers","C:\Users\haydar\Desktop\end_project\readyroad_front_end\web_app\public\images\signs\danger_signs","danger_signs","public\images\signs\danger_signs\A21 Oversteekplaats voor voetgangers.png"
"C:\Users\haydar\Desktop\end_project\readyroad_front_end\web_app\public\images\signs\danger_signs\A23 Opgelet kinderen.png","A23 Opgelet kinderen.png","A23 Opgelet kinderen","C:\Users\haydar\Desktop\end_project\readyroad_front_end\web_app\public\images\signs\danger_signs","danger_signs","public\images\signs\danger_signs\A23 Opgelet kinderen.png"
"C:\Users\haydar\Desktop\end_project\readyroad_front_end\web_app\public\images\signs\danger_signs\A25 Oversteekplaats voor fietsers en bromfietsers.png","A25 Oversteekplaats voor fietsers en bromfietsers.png","A25 Oversteekplaats voor fietsers en bromfietsers","C:\Users\haydar\Desktop\end_project\readyroad_front_end\web_app\public\images\signs\danger_signs","danger_signs","public\images\signs\danger_signs\A25 Oversteekplaats voor fietsers en bromfietsers.png"
"C:\Users\haydar\Desktop\end_project\readyroad_front_end\web_app\public\images\signs\danger_signs\A27 Overstekend groot wild.png","A27 Overstekend groot wild.png","A27 Overstekend groot wild","C:\Users\haydar\Desktop\end_project\readyroad_front_end\web_app\public\images\signs\danger_signs","danger_signs","public\images\signs\danger_signs\A27 Overstekend groot wild.png"
"C:\Users\haydar\Desktop\end_project\readyroad_front_end\web_app\public\images\signs\danger_signs\A29 Overstekend vee.png","A29 Overstekend vee.png","A29 Overstekend vee","C:\Users\haydar\Desktop\end_project\readyroad_front_end\web_app\public\images\signs\danger_signs","danger_signs","public\images\signs\danger_signs\A29 Overstekend vee.png"
"C:\Users\haydar\Desktop\end_project\readyroad_front_end\web_app\public\images\signs\danger_signs\A3 Gevaarlijke daling.png","A3 Gevaarlijke daling.png","A3 Gevaarlijke daling","C:\Users\haydar\Desktop\end_project\readyroad_front_end\web_app\public\images\signs\danger_signs","danger_signs","public\images\signs\danger_signs\A3 Gevaarlijke daling.png"
"C:\Users\haydar\Desktop\end_project\readyroad_front_end\web_app\public\images\signs\danger_signs\A31 Werken.png","A31 Werken.png","A31 Werken","C:\Users\haydar\Desktop\end_project\readyroad_front_end\web_app\public\images\signs\danger_signs","danger_signs","public\images\signs\danger_signs\A31 Werken.png"
"C:\Users\haydar\Desktop\end_project\readyroad_front_end\web_app\public\images\signs\danger_signs\A33 Verkeerslichten.png","A33 Verkeerslichten.png","A33 Verkeerslichten","C:\Users\haydar\Desktop\end_project\readyroad_front_end\web_app\public\images\signs\danger_signs","danger_signs","public\images\signs\danger_signs\A33 Verkeerslichten.png"
"C:\Users\haydar\Desktop\end_project\readyroad_front_end\web_app\public\images\signs\danger_signs\A35 Vliegtuigen op geringe hoogte.png","A35 Vliegtuigen op geringe hoogte.png","A35 Vliegtuigen op geringe hoogte","C:\Users\haydar\Desktop\end_project\readyroad_front_end\web_app\public\images\signs\danger_signs","danger_signs","public\images\signs\danger_signs\A35 Vliegtuigen op geringe hoogte.png"
"C:\Users\haydar\Desktop\end_project\readyroad_front_end\web_app\public\images\signs\danger_signs\A37 Zijwind.png","A37 Zijwind.png","A37 Zijwind","C:\Users\haydar\Desktop\end_project\readyroad_front_end\web_app\public\images\signs\danger_signs","danger_signs","public\images\signs\danger_signs\A37 Zijwind.png"
"C:\Users\haydar\Desktop\end_project\readyroad_front_end\web_app\public\images\signs\danger_signs\A39 Twee richtingsverkeer toegelaten na een stuk éénrichtingsverkeer.png","A39 Twee richtingsverkeer toegelaten na een stuk éénrichtingsverkeer.png","A39 Twee richtingsverkeer toegelaten na een stuk éénrichtingsverkeer","C:\Users\haydar\Desktop\end_project\readyroad_front_end\web_app\public\images\signs\danger_signs","danger_signs","public\images\signs\danger_signs\A39 Twee richtingsverkeer toegelaten na een stuk éénrichtingsverkeer.png"
"C:\Users\haydar\Desktop\end_project\readyroad_front_end\web_app\public\images\signs\danger_signs\A41 Overweg met slagbomen.png","A41 Overweg met slagbomen.png","A41 Overweg met slagbomen","C:\Users\haydar\Desktop\end_project\readyroad_front_end\web_app\public\images\signs\danger_signs","danger_signs","public\images\signs\danger_signs\A41 Overweg met slagbomen.png"
"C:\Users\haydar\Desktop\end_project\readyroad_front_end\web_app\public\images\signs\danger_signs\A43 Overweg zonder slagbomen.png","A43 Overweg zonder slagbomen.png","A43 Overweg zonder slagbomen","C:\Users\haydar\Desktop\end_project\readyroad_front_end\web_app\public\images\signs\danger_signs","danger_signs","public\images\signs\danger_signs\A43 Overweg zonder slagbomen.png"
"C:\Users\haydar\Desktop\end_project\readyroad_front_end\web_app\public\images\signs\danger_signs\A45 waarschuwings kruis.png","A45 waarschuwings kruis.png","A45 waarschuwings kruis","C:\Users\haydar\Desktop\end_project\readyroad_front_end\web_app\public\images\signs\danger_signs","danger_signs","public\images\signs\danger_signs\A45 waarschuwings kruis.png"
"C:\Users\haydar\Desktop\end_project\readyroad_front_end\web_app\public\images\signs\danger_signs\A47 waarschuwingskruis meerdere sporen.png","A47 waarschuwingskruis meerdere sporen.png","A47 waarschuwingskruis meerdere sporen","C:\Users\haydar\Desktop\end_project\readyroad_front_end\web_app\public\images\signs\danger_signs","danger_signs","public\images\signs\danger_signs\A47 waarschuwingskruis meerdere sporen.png"
"C:\Users\haydar\Desktop\end_project\readyroad_front_end\web_app\public\images\signs\danger_signs\A49 Openbare weg kruist met een of meer in de rijbaan aangelegde sporen.png","A49 Openbare weg kruist met een of meer in de rijbaan aangelegde sporen.png","A49 Openbare weg kruist met een of meer in de rijbaan aangelegde sporen","C:\Users\haydar\Desktop\end_project\readyroad_front_end\web_app\public\images\signs\danger_signs","danger_signs","public\images\signs\danger_signs\A49 Openbare weg kruist met een of meer in de rijbaan aangelegde sporen.png"
"C:\Users\haydar\Desktop\end_project\readyroad_front_end\web_app\public\images\signs\danger_signs\A5 Gevaarlijke helling.png","A5 Gevaarlijke helling.png","A5 Gevaarlijke helling","C:\Users\haydar\Desktop\end_project\readyroad_front_end\web_app\public\images\signs\danger_signs","danger_signs","public\images\signs\danger_signs\A5 Gevaarlijke helling.png"
"C:\Users\haydar\Desktop\end_project\readyroad_front_end\web_app\public\images\signs\danger_signs\A50 Opgelet file.png","A50 Opgelet file.png","A50 Opgelet file","C:\Users\haydar\Desktop\end_project\readyroad_front_end\web_app\public\images\signs\danger_signs","danger_signs","public\images\signs\danger_signs\A50 Opgelet file.png"
"C:\Users\haydar\Desktop\end_project\readyroad_front_end\web_app\public\images\signs\danger_signs\A51 Gevaar dat niet door een speciaal symbool wordt bepaald.png","A51 Gevaar dat niet door een speciaal symbool wordt bepaald.png","A51 Gevaar dat niet door een speciaal symbool wordt bepaald","C:\Users\haydar\Desktop\end_project\readyroad_front_end\web_app\public\images\signs\danger_signs","danger_signs","public\images\signs\danger_signs\A51 Gevaar dat niet door een speciaal symbool wordt bepaald.png"
"C:\Users\haydar\Desktop\end_project\readyroad_front_end\web_app\public\images\signs\danger_signs\A53 Opgelet verzinkbare paal.png","A53 Opgelet verzinkbare paal.png","A53 Opgelet verzinkbare paal","C:\Users\haydar\Desktop\end_project\readyroad_front_end\web_app\public\images\signs\danger_signs","danger_signs","public\images\signs\danger_signs\A53 Opgelet verzinkbare paal.png"
"C:\Users\haydar\Desktop\end_project\readyroad_front_end\web_app\public\images\signs\danger_signs\A7a Versmalling langs beide zijden.png","A7a Versmalling langs beide zijden.png","A7a Versmalling langs beide zijden","C:\Users\haydar\Desktop\end_project\readyroad_front_end\web_app\public\images\signs\danger_signs","danger_signs","public\images\signs\danger_signs\A7a Versmalling langs beide zijden.png"
"C:\Users\haydar\Desktop\end_project\readyroad_front_end\web_app\public\images\signs\danger_signs\A7b Versmalling links.png","A7b Versmalling links.png","A7b Versmalling links","C:\Users\haydar\Desktop\end_project\readyroad_front_end\web_app\public\images\signs\danger_signs","danger_signs","public\images\signs\danger_signs\A7b Versmalling links.png"
"C:\Users\haydar\Desktop\end_project\readyroad_front_end\web_app\public\images\signs\danger_signs\A7c Versmalling langs links.png","A7c Versmalling langs links.png","A7c Versmalling langs links","C:\Users\haydar\Desktop\end_project\readyroad_front_end\web_app\public\images\signs\danger_signs","danger_signs","public\images\signs\danger_signs\A7c Versmalling langs links.png"
"C:\Users\haydar\Desktop\end_project\readyroad_front_end\web_app\public\images\signs\danger_signs\A9 Beweegbare brug.png","A9 Beweegbare brug.png","A9 Beweegbare brug","C:\Users\haydar\Desktop\end_project\readyroad_front_end\web_app\public\images\signs\danger_signs","danger_signs","public\images\signs\danger_signs\A9 Beweegbare brug.png"
"C:\Users\haydar\Desktop\end_project\readyroad_front_end\web_app\public\images\signs\information_signs\F101a Einde voorbehouden voor het verkeer van voetgangers, fietsers, ruiters en bestuurders van speed pedelecs.png","F101a Einde voorbehouden voor het verkeer van voetgangers, fietsers, ruiters en bestuurders van speed pedelecs.png","F101a Einde voorbehouden voor het verkeer van voetgangers, fietsers, ruiters en bestuurders van speed pedelecs","C:\Users\haydar\Desktop\end_project\readyroad_front_end\web_app\public\images\signs\information_signs","information_signs","public\images\signs\information_signs\F101a Einde voorbehouden voor het verkeer van voetgangers, fietsers, ruiters en bestuurders van speed pedelecs.png"
"C:\Users\haydar\Desktop\end_project\readyroad_front_end\web_app\public\images\signs\information_signs\F101b Einde deel van de openbare weg voorbehouden voor fietsers en voetgangers.png","F101b Einde deel van de openbare weg voorbehouden voor fietsers en voetgangers.png","F101b Einde deel van de openbare weg voorbehouden voor fietsers en voetgangers","C:\Users\haydar\Desktop\end_project\readyroad_front_end\web_app\public\images\signs\information_signs","information_signs","public\images\signs\information_signs\F101b Einde deel van de openbare weg voorbehouden voor fietsers en voetgangers.png"
"C:\Users\haydar\Desktop\end_project\readyroad_front_end\web_app\public\images\signs\information_signs\F101c Einde voorbehouden voor het verkeer van landbouwvoertuigen, voetgangers, fietsers, ruiters en bestuurders van speed pedelecs.png","F101c Einde voorbehouden voor het verkeer van landbouwvoertuigen, voetgangers, fietsers, ruiters en bestuurders van speed pedelecs.png","F101c Einde voorbehouden voor het verkeer van landbouwvoertuigen, voetgangers, fietsers, ruiters en bestuurders van speed pedelecs","C:\Users\haydar\Desktop\end_project\readyroad_front_end\web_app\public\images\signs\information_signs","information_signs","public\images\signs\information_signs\F101c Einde voorbehouden voor het verkeer van landbouwvoertuigen, voetgangers, fietsers, ruiters en bestuurders van speed pedelecs.png"
"C:\Users\haydar\Desktop\end_project\readyroad_front_end\web_app\public\images\signs\information_signs\F103 Begin van een voetgangerszone.png","F103 Begin van een voetgangerszone.png","F103 Begin van een voetgangerszone","C:\Users\haydar\Desktop\end_project\readyroad_front_end\web_app\public\images\signs\information_signs","information_signs","public\images\signs\information_signs\F103 Begin van een voetgangerszone.png"
"C:\Users\haydar\Desktop\end_project\readyroad_front_end\web_app\public\images\signs\information_signs\F105 Einde van een voetgangerszone.png","F105 Einde van een voetgangerszone.png","F105 Einde van een voetgangerszone","C:\Users\haydar\Desktop\end_project\readyroad_front_end\web_app\public\images\signs\information_signs","information_signs","public\images\signs\information_signs\F105 Einde van een voetgangerszone.png"
"C:\Users\haydar\Desktop\end_project\readyroad_front_end\web_app\public\images\signs\information_signs\F11 Einde van de autoweg.png","F11 Einde van de autoweg.png","F11 Einde van de autoweg","C:\Users\haydar\Desktop\end_project\readyroad_front_end\web_app\public\images\signs\information_signs","information_signs","public\images\signs\information_signs\F11 Einde van de autoweg.png"
"C:\Users\haydar\Desktop\end_project\readyroad_front_end\web_app\public\images\signs\information_signs\F111 Fietsstraat.png","F111 Fietsstraat.png","F111 Fietsstraat","C:\Users\haydar\Desktop\end_project\readyroad_front_end\web_app\public\images\signs\information_signs","information_signs","public\images\signs\information_signs\F111 Fietsstraat.png"
"C:\Users\haydar\Desktop\end_project\readyroad_front_end\web_app\public\images\signs\information_signs\F113 Einde fietsstraat.png","F113 Einde fietsstraat.png","F113 Einde fietsstraat","C:\Users\haydar\Desktop\end_project\readyroad_front_end\web_app\public\images\signs\information_signs","information_signs","public\images\signs\information_signs\F113 Einde fietsstraat.png"
"C:\Users\haydar\Desktop\end_project\readyroad_front_end\web_app\public\images\signs\information_signs\F117 Begin van lage emissiezone.png","F117 Begin van lage emissiezone.png","F117 Begin van lage emissiezone","C:\Users\haydar\Desktop\end_project\readyroad_front_end\web_app\public\images\signs\information_signs","information_signs","public\images\signs\information_signs\F117 Begin van lage emissiezone.png"
"C:\Users\haydar\Desktop\end_project\readyroad_front_end\web_app\public\images\signs\information_signs\F118 Einde van lage emissiezone.png","F118 Einde van lage emissiezone.png","F118 Einde van lage emissiezone","C:\Users\haydar\Desktop\end_project\readyroad_front_end\web_app\public\images\signs\information_signs","information_signs","public\images\signs\information_signs\F118 Einde van lage emissiezone.png"
"C:\Users\haydar\Desktop\end_project\readyroad_front_end\web_app\public\images\signs\information_signs\F12a Begin van een woonerf of van een erf.png","F12a Begin van een woonerf of van een erf.png","F12a Begin van een woonerf of van een erf","C:\Users\haydar\Desktop\end_project\readyroad_front_end\web_app\public\images\signs\information_signs","information_signs","public\images\signs\information_signs\F12a Begin van een woonerf of van een erf.png"
"C:\Users\haydar\Desktop\end_project\readyroad_front_end\web_app\public\images\signs\information_signs\F12b Einde van een woonerf of van een erf.png","F12b Einde van een woonerf of van een erf.png","F12b Einde van een woonerf of van een erf","C:\Users\haydar\Desktop\end_project\readyroad_front_end\web_app\public\images\signs\information_signs","information_signs","public\images\signs\information_signs\F12b Einde van een woonerf of van een erf.png"
"C:\Users\haydar\Desktop\end_project\readyroad_front_end\web_app\public\images\signs\information_signs\F13 Rijstrook keuze.png","F13 Rijstrook keuze.png","F13 Rijstrook keuze","C:\Users\haydar\Desktop\end_project\readyroad_front_end\web_app\public\images\signs\information_signs","information_signs","public\images\signs\information_signs\F13 Rijstrook keuze.png"
"C:\Users\haydar\Desktop\end_project\readyroad_front_end\web_app\public\images\signs\information_signs\F14 Opstelvak voor fietsers en bromfietsen.png","F14 Opstelvak voor fietsers en bromfietsen.png","F14 Opstelvak voor fietsers en bromfietsen","C:\Users\haydar\Desktop\end_project\readyroad_front_end\web_app\public\images\signs\information_signs","information_signs","public\images\signs\information_signs\F14 Opstelvak voor fietsers en bromfietsen.png"
"C:\Users\haydar\Desktop\end_project\readyroad_front_end\web_app\public\images\signs\information_signs\F17 Rijstrook aanduiding voorbehouden voor autobussen.png","F17 Rijstrook aanduiding voorbehouden voor autobussen.png","F17 Rijstrook aanduiding voorbehouden voor autobussen","C:\Users\haydar\Desktop\end_project\readyroad_front_end\web_app\public\images\signs\information_signs","information_signs","public\images\signs\information_signs\F17 Rijstrook aanduiding voorbehouden voor autobussen.png"
"C:\Users\haydar\Desktop\end_project\readyroad_front_end\web_app\public\images\signs\information_signs\F18 Bijzondere overrijdbare bedding.png","F18 Bijzondere overrijdbare bedding.png","F18 Bijzondere overrijdbare bedding","C:\Users\haydar\Desktop\end_project\readyroad_front_end\web_app\public\images\signs\information_signs","information_signs","public\images\signs\information_signs\F18 Bijzondere overrijdbare bedding.png"
"C:\Users\haydar\Desktop\end_project\readyroad_front_end\web_app\public\images\signs\information_signs\F19 Eenrichtingsverkeer.png","F19 Eenrichtingsverkeer.png","F19 Eenrichtingsverkeer","C:\Users\haydar\Desktop\end_project\readyroad_front_end\web_app\public\images\signs\information_signs","information_signs","public\images\signs\information_signs\F19 Eenrichtingsverkeer.png"
"C:\Users\haydar\Desktop\end_project\readyroad_front_end\web_app\public\images\signs\information_signs\F1b Begin van een bebouwde kom.png","F1b Begin van een bebouwde kom.png","F1b Begin van een bebouwde kom","C:\Users\haydar\Desktop\end_project\readyroad_front_end\web_app\public\images\signs\information_signs","information_signs","public\images\signs\information_signs\F1b Begin van een bebouwde kom.png"
"C:\Users\haydar\Desktop\end_project\readyroad_front_end\web_app\public\images\signs\information_signs\F21 Rechts of links voorbijrijden toegelaten.png","F21 Rechts of links voorbijrijden toegelaten.png","F21 Rechts of links voorbijrijden toegelaten","C:\Users\haydar\Desktop\end_project\readyroad_front_end\web_app\public\images\signs\information_signs","information_signs","public\images\signs\information_signs\F21 Rechts of links voorbijrijden toegelaten.png"
"C:\Users\haydar\Desktop\end_project\readyroad_front_end\web_app\public\images\signs\information_signs\F23a Nummer van een gewone weg.png","F23a Nummer van een gewone weg.png","F23a Nummer van een gewone weg","C:\Users\haydar\Desktop\end_project\readyroad_front_end\web_app\public\images\signs\information_signs","information_signs","public\images\signs\information_signs\F23a Nummer van een gewone weg.png"
"C:\Users\haydar\Desktop\end_project\readyroad_front_end\web_app\public\images\signs\information_signs\F23b Nummer van een autosnelweg.png","F23b Nummer van een autosnelweg.png","F23b Nummer van een autosnelweg","C:\Users\haydar\Desktop\end_project\readyroad_front_end\web_app\public\images\signs\information_signs","information_signs","public\images\signs\information_signs\F23b Nummer van een autosnelweg.png"
"C:\Users\haydar\Desktop\end_project\readyroad_front_end\web_app\public\images\signs\information_signs\F23c Nummer van een internationale weg.png","F23c Nummer van een internationale weg.png","F23c Nummer van een internationale weg","C:\Users\haydar\Desktop\end_project\readyroad_front_end\web_app\public\images\signs\information_signs","information_signs","public\images\signs\information_signs\F23c Nummer van een internationale weg.png"
"C:\Users\haydar\Desktop\end_project\readyroad_front_end\web_app\public\images\signs\information_signs\F23d Nummer van een ringweg.png","F23d Nummer van een ringweg.png","F23d Nummer van een ringweg","C:\Users\haydar\Desktop\end_project\readyroad_front_end\web_app\public\images\signs\information_signs","information_signs","public\images\signs\information_signs\F23d Nummer van een ringweg.png"
"C:\Users\haydar\Desktop\end_project\readyroad_front_end\web_app\public\images\signs\information_signs\F3b Einde van een bebouwde kom.png","F3b Einde van een bebouwde kom.png","F3b Einde van een bebouwde kom","C:\Users\haydar\Desktop\end_project\readyroad_front_end\web_app\public\images\signs\information_signs","information_signs","public\images\signs\information_signs\F3b Einde van een bebouwde kom.png"
"C:\Users\haydar\Desktop\end_project\readyroad_front_end\web_app\public\images\signs\information_signs\F43 Gemeentegrens.png","F43 Gemeentegrens.png","F43 Gemeentegrens","C:\Users\haydar\Desktop\end_project\readyroad_front_end\web_app\public\images\signs\information_signs","information_signs","public\images\signs\information_signs\F43 Gemeentegrens.png"
"C:\Users\haydar\Desktop\end_project\readyroad_front_end\web_app\public\images\signs\information_signs\F45 Doodlopende weg.png","F45 Doodlopende weg.png","F45 Doodlopende weg","C:\Users\haydar\Desktop\end_project\readyroad_front_end\web_app\public\images\signs\information_signs","information_signs","public\images\signs\information_signs\F45 Doodlopende weg.png"
"C:\Users\haydar\Desktop\end_project\readyroad_front_end\web_app\public\images\signs\information_signs\F45b Doodlopende weg, uitgezonderd voetgangers en fietsers.png","F45b Doodlopende weg, uitgezonderd voetgangers en fietsers.png","F45b Doodlopende weg, uitgezonderd voetgangers en fietsers","C:\Users\haydar\Desktop\end_project\readyroad_front_end\web_app\public\images\signs\information_signs","information_signs","public\images\signs\information_signs\F45b Doodlopende weg, uitgezonderd voetgangers en fietsers.png"
"C:\Users\haydar\Desktop\end_project\readyroad_front_end\web_app\public\images\signs\information_signs\F45L Doodlopende weg, linkse doorgang.png","F45L Doodlopende weg, linkse doorgang.png","F45L Doodlopende weg, linkse doorgang","C:\Users\haydar\Desktop\end_project\readyroad_front_end\web_app\public\images\signs\information_signs","information_signs","public\images\signs\information_signs\F45L Doodlopende weg, linkse doorgang.png"
"C:\Users\haydar\Desktop\end_project\readyroad_front_end\web_app\public\images\signs\information_signs\F45R Doodlopende weg, rechtse doorgang.png","F45R Doodlopende weg, rechtse doorgang.png","F45R Doodlopende weg, rechtse doorgang","C:\Users\haydar\Desktop\end_project\readyroad_front_end\web_app\public\images\signs\information_signs","information_signs","public\images\signs\information_signs\F45R Doodlopende weg, rechtse doorgang.png"
"C:\Users\haydar\Desktop\end_project\readyroad_front_end\web_app\public\images\signs\information_signs\F47 Einde van de werken.png","F47 Einde van de werken.png","F47 Einde van de werken","C:\Users\haydar\Desktop\end_project\readyroad_front_end\web_app\public\images\signs\information_signs","information_signs","public\images\signs\information_signs\F47 Einde van de werken.png"
"C:\Users\haydar\Desktop\end_project\readyroad_front_end\web_app\public\images\signs\information_signs\F49 Oversteekplaats voor voetgangers.png","F49 Oversteekplaats voor voetgangers.png","F49 Oversteekplaats voor voetgangers","C:\Users\haydar\Desktop\end_project\readyroad_front_end\web_app\public\images\signs\information_signs","information_signs","public\images\signs\information_signs\F49 Oversteekplaats voor voetgangers.png"
"C:\Users\haydar\Desktop\end_project\readyroad_front_end\web_app\public\images\signs\information_signs\F4a Zone 30 km.png","F4a Zone 30 km.png","F4a Zone 30 km","C:\Users\haydar\Desktop\end_project\readyroad_front_end\web_app\public\images\signs\information_signs","information_signs","public\images\signs\information_signs\F4a Zone 30 km.png"
"C:\Users\haydar\Desktop\end_project\readyroad_front_end\web_app\public\images\signs\information_signs\F4b - Einde zone 30 km.png","F4b - Einde zone 30 km.png","F4b - Einde zone 30 km","C:\Users\haydar\Desktop\end_project\readyroad_front_end\web_app\public\images\signs\information_signs","information_signs","public\images\signs\information_signs\F4b - Einde zone 30 km.png"
"C:\Users\haydar\Desktop\end_project\readyroad_front_end\web_app\public\images\signs\information_signs\F5 Autosnelweg.png","F5 Autosnelweg.png","F5 Autosnelweg","C:\Users\haydar\Desktop\end_project\readyroad_front_end\web_app\public\images\signs\information_signs","information_signs","public\images\signs\information_signs\F5 Autosnelweg.png"
"C:\Users\haydar\Desktop\end_project\readyroad_front_end\web_app\public\images\signs\information_signs\F50 Oversteekplaats voor fietsers en bromfietsers.png","F50 Oversteekplaats voor fietsers en bromfietsers.png","F50 Oversteekplaats voor fietsers en bromfietsers","C:\Users\haydar\Desktop\end_project\readyroad_front_end\web_app\public\images\signs\information_signs","information_signs","public\images\signs\information_signs\F50 Oversteekplaats voor fietsers en bromfietsers.png"
"C:\Users\haydar\Desktop\end_project\readyroad_front_end\web_app\public\images\signs\information_signs\F50bis Opgepast als je van richting veranderd, fietsers.png","F50bis Opgepast als je van richting veranderd, fietsers.png","F50bis Opgepast als je van richting veranderd, fietsers","C:\Users\haydar\Desktop\end_project\readyroad_front_end\web_app\public\images\signs\information_signs","information_signs","public\images\signs\information_signs\F50bis Opgepast als je van richting veranderd, fietsers.png"
"C:\Users\haydar\Desktop\end_project\readyroad_front_end\web_app\public\images\signs\information_signs\F50bis Opgepast als je van richting verandert voetgangers.png","F50bis Opgepast als je van richting verandert voetgangers.png","F50bis Opgepast als je van richting verandert voetgangers","C:\Users\haydar\Desktop\end_project\readyroad_front_end\web_app\public\images\signs\information_signs","information_signs","public\images\signs\information_signs\F50bis Opgepast als je van richting verandert voetgangers.png"
"C:\Users\haydar\Desktop\end_project\readyroad_front_end\web_app\public\images\signs\information_signs\F7 Einde autosnelweg.png","F7 Einde autosnelweg.png","F7 Einde autosnelweg","C:\Users\haydar\Desktop\end_project\readyroad_front_end\web_app\public\images\signs\information_signs","information_signs","public\images\signs\information_signs\F7 Einde autosnelweg.png"
"C:\Users\haydar\Desktop\end_project\readyroad_front_end\web_app\public\images\signs\information_signs\F8 Tunnel.png","F8 Tunnel.png","F8 Tunnel","C:\Users\haydar\Desktop\end_project\readyroad_front_end\web_app\public\images\signs\information_signs","information_signs","public\images\signs\information_signs\F8 Tunnel.png"
"C:\Users\haydar\Desktop\end_project\readyroad_front_end\web_app\public\images\signs\information_signs\F87 Verhoogde inrichting (vluchtheuvel).png","F87 Verhoogde inrichting (vluchtheuvel).png","F87 Verhoogde inrichting (vluchtheuvel)","C:\Users\haydar\Desktop\end_project\readyroad_front_end\web_app\public\images\signs\information_signs","information_signs","public\images\signs\information_signs\F87 Verhoogde inrichting (vluchtheuvel).png"
"C:\Users\haydar\Desktop\end_project\readyroad_front_end\web_app\public\images\signs\information_signs\F9 Autoweg.png","F9 Autoweg.png","F9 Autoweg","C:\Users\haydar\Desktop\end_project\readyroad_front_end\web_app\public\images\signs\information_signs","information_signs","public\images\signs\information_signs\F9 Autoweg.png"
"C:\Users\haydar\Desktop\end_project\readyroad_front_end\web_app\public\images\signs\information_signs\F97 Rijstrook versmalling.png","F97 Rijstrook versmalling.png","F97 Rijstrook versmalling","C:\Users\haydar\Desktop\end_project\readyroad_front_end\web_app\public\images\signs\information_signs","information_signs","public\images\signs\information_signs\F97 Rijstrook versmalling.png"
"C:\Users\haydar\Desktop\end_project\readyroad_front_end\web_app\public\images\signs\information_signs\F99a Voorbehouden voor het verkeer van voetgangers, fietsers, ruiters en bestuurders van speed pedelecs.png","F99a Voorbehouden voor het verkeer van voetgangers, fietsers, ruiters en bestuurders van speed pedelecs.png","F99a Voorbehouden voor het verkeer van voetgangers, fietsers, ruiters en bestuurders van speed pedelecs","C:\Users\haydar\Desktop\end_project\readyroad_front_end\web_app\public\images\signs\information_signs","information_signs","public\images\signs\information_signs\F99a Voorbehouden voor het verkeer van voetgangers, fietsers, ruiters en bestuurders van speed pedelecs.png"
"C:\Users\haydar\Desktop\end_project\readyroad_front_end\web_app\public\images\signs\information_signs\F99b Deel van de openbare weg voorbehouden voor fietsers en voetgangers.png","F99b Deel van de openbare weg voorbehouden voor fietsers en voetgangers.png","F99b Deel van de openbare weg voorbehouden voor fietsers en voetgangers","C:\Users\haydar\Desktop\end_project\readyroad_front_end\web_app\public\images\signs\information_signs","information_signs","public\images\signs\information_signs\F99b Deel van de openbare weg voorbehouden voor fietsers en voetgangers.png"
"C:\Users\haydar\Desktop\end_project\readyroad_front_end\web_app\public\images\signs\information_signs\F99c Voorbehouden voor het verkeer van landbouwvoertuigen, voetgangers, fietsers, ruiters en bestuurders van speed pedelecs.png","F99c Voorbehouden voor het verkeer van landbouwvoertuigen, voetgangers, fietsers, ruiters en bestuurders van speed pedelecs.png","F99c Voorbehouden voor het verkeer van landbouwvoertuigen, voetgangers, fietsers, ruiters en bestuurders van speed pedelecs","C:\Users\haydar\Desktop\end_project\readyroad_front_end\web_app\public\images\signs\information_signs","information_signs","public\images\signs\information_signs\F99c Voorbehouden voor het verkeer van landbouwvoertuigen, voetgangers, fietsers, ruiters en bestuurders van speed pedelecs.png"
"C:\Users\haydar\Desktop\end_project\readyroad_front_end\web_app\public\images\signs\mandatory_signs\D10 Deel van de weg voorbehouden voor voetgangers en fietsers.png","D10 Deel van de weg voorbehouden voor voetgangers en fietsers.png","D10 Deel van de weg voorbehouden voor voetgangers en fietsers","C:\Users\haydar\Desktop\end_project\readyroad_front_end\web_app\public\images\signs\mandatory_signs","mandatory_signs","public\images\signs\mandatory_signs\D10 Deel van de weg voorbehouden voor voetgangers en fietsers.png"
"C:\Users\haydar\Desktop\end_project\readyroad_front_end\web_app\public\images\signs\mandatory_signs\D11 Verplichte weg voor voetgangers.png","D11 Verplichte weg voor voetgangers.png","D11 Verplichte weg voor voetgangers","C:\Users\haydar\Desktop\end_project\readyroad_front_end\web_app\public\images\signs\mandatory_signs","mandatory_signs","public\images\signs\mandatory_signs\D11 Verplichte weg voor voetgangers.png"
"C:\Users\haydar\Desktop\end_project\readyroad_front_end\web_app\public\images\signs\mandatory_signs\D13 Verplichte weg voor ruiters.png","D13 Verplichte weg voor ruiters.png","D13 Verplichte weg voor ruiters","C:\Users\haydar\Desktop\end_project\readyroad_front_end\web_app\public\images\signs\mandatory_signs","mandatory_signs","public\images\signs\mandatory_signs\D13 Verplichte weg voor ruiters.png"
"C:\Users\haydar\Desktop\end_project\readyroad_front_end\web_app\public\images\signs\mandatory_signs\D1a Verplichting rechtdoor.png","D1a Verplichting rechtdoor.png","D1a Verplichting rechtdoor","C:\Users\haydar\Desktop\end_project\readyroad_front_end\web_app\public\images\signs\mandatory_signs","mandatory_signs","public\images\signs\mandatory_signs\D1a Verplichting rechtdoor.png"
"C:\Users\haydar\Desktop\end_project\readyroad_front_end\web_app\public\images\signs\mandatory_signs\D1b Verplichting links afslaan.png","D1b Verplichting links afslaan.png","D1b Verplichting links afslaan","C:\Users\haydar\Desktop\end_project\readyroad_front_end\web_app\public\images\signs\mandatory_signs","mandatory_signs","public\images\signs\mandatory_signs\D1b Verplichting links afslaan.png"
"C:\Users\haydar\Desktop\end_project\readyroad_front_end\web_app\public\images\signs\mandatory_signs\D1b Verplichting rechts afslaan.png","D1b Verplichting rechts afslaan.png","D1b Verplichting rechts afslaan","C:\Users\haydar\Desktop\end_project\readyroad_front_end\web_app\public\images\signs\mandatory_signs","mandatory_signs","public\images\signs\mandatory_signs\D1b Verplichting rechts afslaan.png"
"C:\Users\haydar\Desktop\end_project\readyroad_front_end\web_app\public\images\signs\mandatory_signs\D1c Verplichting links aanhouden.png","D1c Verplichting links aanhouden.png","D1c Verplichting links aanhouden","C:\Users\haydar\Desktop\end_project\readyroad_front_end\web_app\public\images\signs\mandatory_signs","mandatory_signs","public\images\signs\mandatory_signs\D1c Verplichting links aanhouden.png"
"C:\Users\haydar\Desktop\end_project\readyroad_front_end\web_app\public\images\signs\mandatory_signs\D1d Verplichting rechts aanhouden.png","D1d Verplichting rechts aanhouden.png","D1d Verplichting rechts aanhouden","C:\Users\haydar\Desktop\end_project\readyroad_front_end\web_app\public\images\signs\mandatory_signs","mandatory_signs","public\images\signs\mandatory_signs\D1d Verplichting rechts aanhouden.png"
"C:\Users\haydar\Desktop\end_project\readyroad_front_end\web_app\public\images\signs\mandatory_signs\D1e Verplicht de aangeduide richting te volgen (linksaf).png","D1e Verplicht de aangeduide richting te volgen (linksaf).png","D1e Verplicht de aangeduide richting te volgen (linksaf)","C:\Users\haydar\Desktop\end_project\readyroad_front_end\web_app\public\images\signs\mandatory_signs","mandatory_signs","public\images\signs\mandatory_signs\D1e Verplicht de aangeduide richting te volgen (linksaf).png"
"C:\Users\haydar\Desktop\end_project\readyroad_front_end\web_app\public\images\signs\mandatory_signs\D1f Verplicht de aangeduide richting te volgen (rechtsaf).png","D1f Verplicht de aangeduide richting te volgen (rechtsaf).png","D1f Verplicht de aangeduide richting te volgen (rechtsaf)","C:\Users\haydar\Desktop\end_project\readyroad_front_end\web_app\public\images\signs\mandatory_signs","mandatory_signs","public\images\signs\mandatory_signs\D1f Verplicht de aangeduide richting te volgen (rechtsaf).png"
"C:\Users\haydar\Desktop\end_project\readyroad_front_end\web_app\public\images\signs\mandatory_signs\D3a Verplicht één van de pijlen te volgen.png","D3a Verplicht één van de pijlen te volgen.png","D3a Verplicht één van de pijlen te volgen","C:\Users\haydar\Desktop\end_project\readyroad_front_end\web_app\public\images\signs\mandatory_signs","mandatory_signs","public\images\signs\mandatory_signs\D3a Verplicht één van de pijlen te volgen.png"
"C:\Users\haydar\Desktop\end_project\readyroad_front_end\web_app\public\images\signs\mandatory_signs\D3b Verplicht één van de pijlen te volgen.png","D3b Verplicht één van de pijlen te volgen.png","D3b Verplicht één van de pijlen te volgen","C:\Users\haydar\Desktop\end_project\readyroad_front_end\web_app\public\images\signs\mandatory_signs","mandatory_signs","public\images\signs\mandatory_signs\D3b Verplicht één van de pijlen te volgen.png"
"C:\Users\haydar\Desktop\end_project\readyroad_front_end\web_app\public\images\signs\mandatory_signs\D4 Verplicht linksaf voor voertuigen die gevaarlijke goederen vervoeren.png","D4 Verplicht linksaf voor voertuigen die gevaarlijke goederen vervoeren.png","D4 Verplicht linksaf voor voertuigen die gevaarlijke goederen vervoeren","C:\Users\haydar\Desktop\end_project\readyroad_front_end\web_app\public\images\signs\mandatory_signs","mandatory_signs","public\images\signs\mandatory_signs\D4 Verplicht linksaf voor voertuigen die gevaarlijke goederen vervoeren.png"
"C:\Users\haydar\Desktop\end_project\readyroad_front_end\web_app\public\images\signs\mandatory_signs\D4 Verplicht rechtdoor voor voertuigen die gevaarlijke goederen vervoeren.png","D4 Verplicht rechtdoor voor voertuigen die gevaarlijke goederen vervoeren.png","D4 Verplicht rechtdoor voor voertuigen die gevaarlijke goederen vervoeren","C:\Users\haydar\Desktop\end_project\readyroad_front_end\web_app\public\images\signs\mandatory_signs","mandatory_signs","public\images\signs\mandatory_signs\D4 Verplicht rechtdoor voor voertuigen die gevaarlijke goederen vervoeren.png"
"C:\Users\haydar\Desktop\end_project\readyroad_front_end\web_app\public\images\signs\mandatory_signs\D4 Verplicht rechts voor voertuigen die gevaarlijke goederen vervoeren.png","D4 Verplicht rechts voor voertuigen die gevaarlijke goederen vervoeren.png","D4 Verplicht rechts voor voertuigen die gevaarlijke goederen vervoeren","C:\Users\haydar\Desktop\end_project\readyroad_front_end\web_app\public\images\signs\mandatory_signs","mandatory_signs","public\images\signs\mandatory_signs\D4 Verplicht rechts voor voertuigen die gevaarlijke goederen vervoeren.png"
"C:\Users\haydar\Desktop\end_project\readyroad_front_end\web_app\public\images\signs\mandatory_signs\D5 Verplicht rondgaand verkeer.png","D5 Verplicht rondgaand verkeer.png","D5 Verplicht rondgaand verkeer","C:\Users\haydar\Desktop\end_project\readyroad_front_end\web_app\public\images\signs\mandatory_signs","mandatory_signs","public\images\signs\mandatory_signs\D5 Verplicht rondgaand verkeer.png"
"C:\Users\haydar\Desktop\end_project\readyroad_front_end\web_app\public\images\signs\mandatory_signs\D7 Verplicht fietspad.png","D7 Verplicht fietspad.png","D7 Verplicht fietspad","C:\Users\haydar\Desktop\end_project\readyroad_front_end\web_app\public\images\signs\mandatory_signs","mandatory_signs","public\images\signs\mandatory_signs\D7 Verplicht fietspad.png"
"C:\Users\haydar\Desktop\end_project\readyroad_front_end\web_app\public\images\signs\mandatory_signs\D9a Deel van de weg voorbehouden voor voetgangers en fietsers.png","D9a Deel van de weg voorbehouden voor voetgangers en fietsers.png","D9a Deel van de weg voorbehouden voor voetgangers en fietsers","C:\Users\haydar\Desktop\end_project\readyroad_front_end\web_app\public\images\signs\mandatory_signs","mandatory_signs","public\images\signs\mandatory_signs\D9a Deel van de weg voorbehouden voor voetgangers en fietsers.png"
"C:\Users\haydar\Desktop\end_project\readyroad_front_end\web_app\public\images\signs\mandatory_signs\D9b Deel van de weg voorbehouden voor voetgangers en fietsers.png","D9b Deel van de weg voorbehouden voor voetgangers en fietsers.png","D9b Deel van de weg voorbehouden voor voetgangers en fietsers","C:\Users\haydar\Desktop\end_project\readyroad_front_end\web_app\public\images\signs\mandatory_signs","mandatory_signs","public\images\signs\mandatory_signs\D9b Deel van de weg voorbehouden voor voetgangers en fietsers.png"
"C:\Users\haydar\Desktop\end_project\readyroad_front_end\web_app\public\images\signs\parking_signs\E1 Parkeerverbod.png","E1 Parkeerverbod.png","E1 Parkeerverbod","C:\Users\haydar\Desktop\end_project\readyroad_front_end\web_app\public\images\signs\parking_signs","parking_signs","public\images\signs\parking_signs\E1 Parkeerverbod.png"
"C:\Users\haydar\Desktop\end_project\readyroad_front_end\web_app\public\images\signs\parking_signs\E11 Halfmaandelijks parkeren in gans de bebouwde kom.png","E11 Halfmaandelijks parkeren in gans de bebouwde kom.png","E11 Halfmaandelijks parkeren in gans de bebouwde kom","C:\Users\haydar\Desktop\end_project\readyroad_front_end\web_app\public\images\signs\parking_signs","parking_signs","public\images\signs\parking_signs\E11 Halfmaandelijks parkeren in gans de bebouwde kom.png"
"C:\Users\haydar\Desktop\end_project\readyroad_front_end\web_app\public\images\signs\parking_signs\E3 Stilstaan en parkeren verboden.png","E3 Stilstaan en parkeren verboden.png","E3 Stilstaan en parkeren verboden","C:\Users\haydar\Desktop\end_project\readyroad_front_end\web_app\public\images\signs\parking_signs","parking_signs","public\images\signs\parking_signs\E3 Stilstaan en parkeren verboden.png"
"C:\Users\haydar\Desktop\end_project\readyroad_front_end\web_app\public\images\signs\parking_signs\E5 Parkeerverbod van de 1e tot de 15e van de maand.png","E5 Parkeerverbod van de 1e tot de 15e van de maand.png","E5 Parkeerverbod van de 1e tot de 15e van de maand","C:\Users\haydar\Desktop\end_project\readyroad_front_end\web_app\public\images\signs\parking_signs","parking_signs","public\images\signs\parking_signs\E5 Parkeerverbod van de 1e tot de 15e van de maand.png"
"C:\Users\haydar\Desktop\end_project\readyroad_front_end\web_app\public\images\signs\parking_signs\E7 Parkeerverbod van de 16e tot het einde van de maand.png","E7 Parkeerverbod van de 16e tot het einde van de maand.png","E7 Parkeerverbod van de 16e tot het einde van de maand","C:\Users\haydar\Desktop\end_project\readyroad_front_end\web_app\public\images\signs\parking_signs","parking_signs","public\images\signs\parking_signs\E7 Parkeerverbod van de 16e tot het einde van de maand.png"
"C:\Users\haydar\Desktop\end_project\readyroad_front_end\web_app\public\images\signs\parking_signs\E9a elektrisch laden Parkeerplaats voorbehouden voor het elektrisch opladen van je wagen.png","E9a elektrisch laden Parkeerplaats voorbehouden voor het elektrisch opladen van je wagen.png","E9a elektrisch laden Parkeerplaats voorbehouden voor het elektrisch opladen van je wagen","C:\Users\haydar\Desktop\end_project\readyroad_front_end\web_app\public\images\signs\parking_signs","parking_signs","public\images\signs\parking_signs\E9a elektrisch laden Parkeerplaats voorbehouden voor het elektrisch opladen van je wagen.png"
"C:\Users\haydar\Desktop\end_project\readyroad_front_end\web_app\public\images\signs\parking_signs\E9a mindervaliden Parkeren enkel toegelaten voor mindervaliden.png","E9a mindervaliden Parkeren enkel toegelaten voor mindervaliden.png","E9a mindervaliden Parkeren enkel toegelaten voor mindervaliden","C:\Users\haydar\Desktop\end_project\readyroad_front_end\web_app\public\images\signs\parking_signs","parking_signs","public\images\signs\parking_signs\E9a mindervaliden Parkeren enkel toegelaten voor mindervaliden.png"
"C:\Users\haydar\Desktop\end_project\readyroad_front_end\web_app\public\images\signs\parking_signs\E9a parkeerschijf Parkeren beperkt in tijd, parkeerschijf verplicht.png","E9a parkeerschijf Parkeren beperkt in tijd, parkeerschijf verplicht.png","E9a parkeerschijf Parkeren beperkt in tijd, parkeerschijf verplicht","C:\Users\haydar\Desktop\end_project\readyroad_front_end\web_app\public\images\signs\parking_signs","parking_signs","public\images\signs\parking_signs\E9a parkeerschijf Parkeren beperkt in tijd, parkeerschijf verplicht.png"
"C:\Users\haydar\Desktop\end_project\readyroad_front_end\web_app\public\images\signs\parking_signs\E9a Parkeren toegelaten.png","E9a Parkeren toegelaten.png","E9a Parkeren toegelaten","C:\Users\haydar\Desktop\end_project\readyroad_front_end\web_app\public\images\signs\parking_signs","parking_signs","public\images\signs\parking_signs\E9a Parkeren toegelaten.png"
"C:\Users\haydar\Desktop\end_project\readyroad_front_end\web_app\public\images\signs\parking_signs\E9b Parkeren uitsluitend voor autos.png","E9b Parkeren uitsluitend voor autos.png","E9b Parkeren uitsluitend voor autos","C:\Users\haydar\Desktop\end_project\readyroad_front_end\web_app\public\images\signs\parking_signs","parking_signs","public\images\signs\parking_signs\E9b Parkeren uitsluitend voor autos.png"
"C:\Users\haydar\Desktop\end_project\readyroad_front_end\web_app\public\images\signs\parking_signs\E9c Parkeren uitsluitend voorvrachtwagens.png","E9c Parkeren uitsluitend voorvrachtwagens.png","E9c Parkeren uitsluitend voorvrachtwagens","C:\Users\haydar\Desktop\end_project\readyroad_front_end\web_app\public\images\signs\parking_signs","parking_signs","public\images\signs\parking_signs\E9c Parkeren uitsluitend voorvrachtwagens.png"
"C:\Users\haydar\Desktop\end_project\readyroad_front_end\web_app\public\images\signs\parking_signs\E9d Parkeren uitsluitend voor autocars.png","E9d Parkeren uitsluitend voor autocars.png","E9d Parkeren uitsluitend voor autocars","C:\Users\haydar\Desktop\end_project\readyroad_front_end\web_app\public\images\signs\parking_signs","parking_signs","public\images\signs\parking_signs\E9d Parkeren uitsluitend voor autocars.png"
"C:\Users\haydar\Desktop\end_project\readyroad_front_end\web_app\public\images\signs\parking_signs\E9e Verplicht parkeren op de berm of op het trottoir.png","E9e Verplicht parkeren op de berm of op het trottoir.png","E9e Verplicht parkeren op de berm of op het trottoir","C:\Users\haydar\Desktop\end_project\readyroad_front_end\web_app\public\images\signs\parking_signs","parking_signs","public\images\signs\parking_signs\E9e Verplicht parkeren op de berm of op het trottoir.png"
"C:\Users\haydar\Desktop\end_project\readyroad_front_end\web_app\public\images\signs\parking_signs\E9f Verplicht parkeren deels op de berm of op het trottoir.png","E9f Verplicht parkeren deels op de berm of op het trottoir.png","E9f Verplicht parkeren deels op de berm of op het trottoir","C:\Users\haydar\Desktop\end_project\readyroad_front_end\web_app\public\images\signs\parking_signs","parking_signs","public\images\signs\parking_signs\E9f Verplicht parkeren deels op de berm of op het trottoir.png"
"C:\Users\haydar\Desktop\end_project\readyroad_front_end\web_app\public\images\signs\parking_signs\E9g Verplicht parkeren op de rijbaan.png","E9g Verplicht parkeren op de rijbaan.png","E9g Verplicht parkeren op de rijbaan","C:\Users\haydar\Desktop\end_project\readyroad_front_end\web_app\public\images\signs\parking_signs","parking_signs","public\images\signs\parking_signs\E9g Verplicht parkeren op de rijbaan.png"
"C:\Users\haydar\Desktop\end_project\readyroad_front_end\web_app\public\images\signs\parking_signs\E9h Parkeren uitsluitend voor kampeerautos.png","E9h Parkeren uitsluitend voor kampeerautos.png","E9h Parkeren uitsluitend voor kampeerautos","C:\Users\haydar\Desktop\end_project\readyroad_front_end\web_app\public\images\signs\parking_signs","parking_signs","public\images\signs\parking_signs\E9h Parkeren uitsluitend voor kampeerautos.png"
"C:\Users\haydar\Desktop\end_project\readyroad_front_end\web_app\public\images\signs\parking_signs\E9i Parkeren uitsluitend voor motorfietsen.png","E9i Parkeren uitsluitend voor motorfietsen.png","E9i Parkeren uitsluitend voor motorfietsen","C:\Users\haydar\Desktop\end_project\readyroad_front_end\web_app\public\images\signs\parking_signs","parking_signs","public\images\signs\parking_signs\E9i Parkeren uitsluitend voor motorfietsen.png"
"C:\Users\haydar\Desktop\end_project\readyroad_front_end\web_app\public\images\signs\parking_signs\E9j wisselend parkeren Parkeerplaats voorzien voor wisselend parkeren fietsers en autos.png","E9j wisselend parkeren Parkeerplaats voorzien voor wisselend parkeren fietsers en autos.png","E9j wisselend parkeren Parkeerplaats voorzien voor wisselend parkeren fietsers en autos","C:\Users\haydar\Desktop\end_project\readyroad_front_end\web_app\public\images\signs\parking_signs","parking_signs","public\images\signs\parking_signs\E9j wisselend parkeren Parkeerplaats voorzien voor wisselend parkeren fietsers en autos.png"
"C:\Users\haydar\Desktop\end_project\readyroad_front_end\web_app\public\images\signs\priority_signs\B1 Voorrang verlenen.png","B1 Voorrang verlenen.png","B1 Voorrang verlenen","C:\Users\haydar\Desktop\end_project\readyroad_front_end\web_app\public\images\signs\priority_signs","priority_signs","public\images\signs\priority_signs\B1 Voorrang verlenen.png"
"C:\Users\haydar\Desktop\end_project\readyroad_front_end\web_app\public\images\signs\priority_signs\B11 Voorrang op tegenliggers.png","B11 Voorrang op tegenliggers.png","B11 Voorrang op tegenliggers","C:\Users\haydar\Desktop\end_project\readyroad_front_end\web_app\public\images\signs\priority_signs","priority_signs","public\images\signs\priority_signs\B11 Voorrang op tegenliggers.png"
"C:\Users\haydar\Desktop\end_project\readyroad_front_end\web_app\public\images\signs\priority_signs\B15A Variant schuine links.png","B15A Variant schuine links.png","B15A Variant schuine links","C:\Users\haydar\Desktop\end_project\readyroad_front_end\web_app\public\images\signs\priority_signs","priority_signs","public\images\signs\priority_signs\B15A Variant schuine links.png"
"C:\Users\haydar\Desktop\end_project\readyroad_front_end\web_app\public\images\signs\priority_signs\B15A Variant schuine rechts.png","B15A Variant schuine rechts.png","B15A Variant schuine rechts","C:\Users\haydar\Desktop\end_project\readyroad_front_end\web_app\public\images\signs\priority_signs","priority_signs","public\images\signs\priority_signs\B15A Variant schuine rechts.png"
"C:\Users\haydar\Desktop\end_project\readyroad_front_end\web_app\public\images\signs\priority_signs\B15A Versmalling van rechts.png","B15A Versmalling van rechts.png","B15A Versmalling van rechts","C:\Users\haydar\Desktop\end_project\readyroad_front_end\web_app\public\images\signs\priority_signs","priority_signs","public\images\signs\priority_signs\B15A Versmalling van rechts.png"
"C:\Users\haydar\Desktop\end_project\readyroad_front_end\web_app\public\images\signs\priority_signs\B15B Versmalling van links.png","B15B Versmalling van links.png","B15B Versmalling van links","C:\Users\haydar\Desktop\end_project\readyroad_front_end\web_app\public\images\signs\priority_signs","priority_signs","public\images\signs\priority_signs\B15B Versmalling van links.png"
"C:\Users\haydar\Desktop\end_project\readyroad_front_end\web_app\public\images\signs\priority_signs\B15C Versmalling beide zijden.png","B15C Versmalling beide zijden.png","B15C Versmalling beide zijden","C:\Users\haydar\Desktop\end_project\readyroad_front_end\web_app\public\images\signs\priority_signs","priority_signs","public\images\signs\priority_signs\B15C Versmalling beide zijden.png"
"C:\Users\haydar\Desktop\end_project\readyroad_front_end\web_app\public\images\signs\priority_signs\B15D Voorrang van rechts bij versmalling.png","B15D Voorrang van rechts bij versmalling.png","B15D Voorrang van rechts bij versmalling","C:\Users\haydar\Desktop\end_project\readyroad_front_end\web_app\public\images\signs\priority_signs","priority_signs","public\images\signs\priority_signs\B15D Voorrang van rechts bij versmalling.png"
"C:\Users\haydar\Desktop\end_project\readyroad_front_end\web_app\public\images\signs\priority_signs\B15E Voorrang van links bij versmalling.png","B15E Voorrang van links bij versmalling.png","B15E Voorrang van links bij versmalling","C:\Users\haydar\Desktop\end_project\readyroad_front_end\web_app\public\images\signs\priority_signs","priority_signs","public\images\signs\priority_signs\B15E Voorrang van links bij versmalling.png"
"C:\Users\haydar\Desktop\end_project\readyroad_front_end\web_app\public\images\signs\priority_signs\B15F Voorrang voor tegenliggers.png","B15F Voorrang voor tegenliggers.png","B15F Voorrang voor tegenliggers","C:\Users\haydar\Desktop\end_project\readyroad_front_end\web_app\public\images\signs\priority_signs","priority_signs","public\images\signs\priority_signs\B15F Voorrang voor tegenliggers.png"
"C:\Users\haydar\Desktop\end_project\readyroad_front_end\web_app\public\images\signs\priority_signs\B15G Tegenliggers hebben voorrang.png","B15G Tegenliggers hebben voorrang.png","B15G Tegenliggers hebben voorrang","C:\Users\haydar\Desktop\end_project\readyroad_front_end\web_app\public\images\signs\priority_signs","priority_signs","public\images\signs\priority_signs\B15G Tegenliggers hebben voorrang.png"
"C:\Users\haydar\Desktop\end_project\readyroad_front_end\web_app\public\images\signs\priority_signs\B17 Voorrangskruispunt.png","B17 Voorrangskruispunt.png","B17 Voorrangskruispunt","C:\Users\haydar\Desktop\end_project\readyroad_front_end\web_app\public\images\signs\priority_signs","priority_signs","public\images\signs\priority_signs\B17 Voorrangskruispunt.png"
"C:\Users\haydar\Desktop\end_project\readyroad_front_end\web_app\public\images\signs\priority_signs\B19 Verbod voor voertuigen elkaar niet te kruisen.png","B19 Verbod voor voertuigen elkaar niet te kruisen.png","B19 Verbod voor voertuigen elkaar niet te kruisen","C:\Users\haydar\Desktop\end_project\readyroad_front_end\web_app\public\images\signs\priority_signs","priority_signs","public\images\signs\priority_signs\B19 Verbod voor voertuigen elkaar niet te kruisen.png"
"C:\Users\haydar\Desktop\end_project\readyroad_front_end\web_app\public\images\signs\priority_signs\B21 Voorrang op tegenliggers.png","B21 Voorrang op tegenliggers.png","B21 Voorrang op tegenliggers","C:\Users\haydar\Desktop\end_project\readyroad_front_end\web_app\public\images\signs\priority_signs","priority_signs","public\images\signs\priority_signs\B21 Voorrang op tegenliggers.png"
"C:\Users\haydar\Desktop\end_project\readyroad_front_end\web_app\public\images\signs\priority_signs\B22 Fietsers en speedpedelecs rechtdoor bij rood.png","B22 Fietsers en speedpedelecs rechtdoor bij rood.png","B22 Fietsers en speedpedelecs rechtdoor bij rood","C:\Users\haydar\Desktop\end_project\readyroad_front_end\web_app\public\images\signs\priority_signs","priority_signs","public\images\signs\priority_signs\B22 Fietsers en speedpedelecs rechtdoor bij rood.png"
"C:\Users\haydar\Desktop\end_project\readyroad_front_end\web_app\public\images\signs\priority_signs\B23 Fietsers en speed pedelecs mogen rechtdoor rijden en de verkeerslichten voorbijrijden.png","B23 Fietsers en speed pedelecs mogen rechtdoor rijden en de verkeerslichten voorbijrijden.png","B23 Fietsers en speed pedelecs mogen rechtdoor rijden en de verkeerslichten voorbijrijden","C:\Users\haydar\Desktop\end_project\readyroad_front_end\web_app\public\images\signs\priority_signs","priority_signs","public\images\signs\priority_signs\B23 Fietsers en speed pedelecs mogen rechtdoor rijden en de verkeerslichten voorbijrijden.png"
"C:\Users\haydar\Desktop\end_project\readyroad_front_end\web_app\public\images\signs\priority_signs\B5 Stop en voorrang verlenen.png","B5 Stop en voorrang verlenen.png","B5 Stop en voorrang verlenen","C:\Users\haydar\Desktop\end_project\readyroad_front_end\web_app\public\images\signs\priority_signs","priority_signs","public\images\signs\priority_signs\B5 Stop en voorrang verlenen.png"
"C:\Users\haydar\Desktop\end_project\readyroad_front_end\web_app\public\images\signs\priority_signs\B9 Voorrang van rechts.png","B9 Voorrang van rechts.png","B9 Voorrang van rechts","C:\Users\haydar\Desktop\end_project\readyroad_front_end\web_app\public\images\signs\priority_signs","priority_signs","public\images\signs\priority_signs\B9 Voorrang van rechts.png"
"C:\Users\haydar\Desktop\end_project\readyroad_front_end\web_app\public\images\signs\prohibition_signs\C1 Verboden richting voor iedere bestuurder.png","C1 Verboden richting voor iedere bestuurder.png","C1 Verboden richting voor iedere bestuurder","C:\Users\haydar\Desktop\end_project\readyroad_front_end\web_app\public\images\signs\prohibition_signs","prohibition_signs","public\images\signs\prohibition_signs\C1 Verboden richting voor iedere bestuurder.png"
"C:\Users\haydar\Desktop\end_project\readyroad_front_end\web_app\public\images\signs\prohibition_signs\C11 Verboden toegang voor bestuurders van rijwielen met motor.png","C11 Verboden toegang voor bestuurders van rijwielen met motor.png","C11 Verboden toegang voor bestuurders van rijwielen met motor","C:\Users\haydar\Desktop\end_project\readyroad_front_end\web_app\public\images\signs\prohibition_signs","prohibition_signs","public\images\signs\prohibition_signs\C11 Verboden toegang voor bestuurders van rijwielen met motor.png"
"C:\Users\haydar\Desktop\end_project\readyroad_front_end\web_app\public\images\signs\prohibition_signs\C11a Verboden toegang voor fietsers.png","C11a Verboden toegang voor fietsers.png","C11a Verboden toegang voor fietsers","C:\Users\haydar\Desktop\end_project\readyroad_front_end\web_app\public\images\signs\prohibition_signs","prohibition_signs","public\images\signs\prohibition_signs\C11a Verboden toegang voor fietsers.png"
"C:\Users\haydar\Desktop\end_project\readyroad_front_end\web_app\public\images\signs\prohibition_signs\C11b Verboden toegang voor tweewielige fietsen.png","C11b Verboden toegang voor tweewielige fietsen.png","C11b Verboden toegang voor tweewielige fietsen","C:\Users\haydar\Desktop\end_project\readyroad_front_end\web_app\public\images\signs\prohibition_signs","prohibition_signs","public\images\signs\prohibition_signs\C11b Verboden toegang voor tweewielige fietsen.png"
"C:\Users\haydar\Desktop\end_project\readyroad_front_end\web_app\public\images\signs\prohibition_signs\C13 Verboden toegang voor bestuurders van gespannen..png","C13 Verboden toegang voor bestuurders van gespannen..png","C13 Verboden toegang voor bestuurders van gespannen.","C:\Users\haydar\Desktop\end_project\readyroad_front_end\web_app\public\images\signs\prohibition_signs","prohibition_signs","public\images\signs\prohibition_signs\C13 Verboden toegang voor bestuurders van gespannen..png"
"C:\Users\haydar\Desktop\end_project\readyroad_front_end\web_app\public\images\signs\prohibition_signs\C15 Verboden toegang voor ruiters.png","C15 Verboden toegang voor ruiters.png","C15 Verboden toegang voor ruiters","C:\Users\haydar\Desktop\end_project\readyroad_front_end\web_app\public\images\signs\prohibition_signs","prohibition_signs","public\images\signs\prohibition_signs\C15 Verboden toegang voor ruiters.png"
"C:\Users\haydar\Desktop\end_project\readyroad_front_end\web_app\public\images\signs\prohibition_signs\C17 Verboden toegang voor bestuurders van handkarren.png","C17 Verboden toegang voor bestuurders van handkarren.png","C17 Verboden toegang voor bestuurders van handkarren","C:\Users\haydar\Desktop\end_project\readyroad_front_end\web_app\public\images\signs\prohibition_signs","prohibition_signs","public\images\signs\prohibition_signs\C17 Verboden toegang voor bestuurders van handkarren.png"
"C:\Users\haydar\Desktop\end_project\readyroad_front_end\web_app\public\images\signs\prohibition_signs\C19 Verboden toegang voor voetgangers.png","C19 Verboden toegang voor voetgangers.png","C19 Verboden toegang voor voetgangers","C:\Users\haydar\Desktop\end_project\readyroad_front_end\web_app\public\images\signs\prohibition_signs","prohibition_signs","public\images\signs\prohibition_signs\C19 Verboden toegang voor voetgangers.png"
"C:\Users\haydar\Desktop\end_project\readyroad_front_end\web_app\public\images\signs\prohibition_signs\C21 Verboden toegang voor voertuigen met een massa groter dan aangeduid.png","C21 Verboden toegang voor voertuigen met een massa groter dan aangeduid.png","C21 Verboden toegang voor voertuigen met een massa groter dan aangeduid","C:\Users\haydar\Desktop\end_project\readyroad_front_end\web_app\public\images\signs\prohibition_signs","prohibition_signs","public\images\signs\prohibition_signs\C21 Verboden toegang voor voertuigen met een massa groter dan aangeduid.png"
"C:\Users\haydar\Desktop\end_project\readyroad_front_end\web_app\public\images\signs\prohibition_signs\C22 Verboden toegang voor bestuurders van autocars.png","C22 Verboden toegang voor bestuurders van autocars.png","C22 Verboden toegang voor bestuurders van autocars","C:\Users\haydar\Desktop\end_project\readyroad_front_end\web_app\public\images\signs\prohibition_signs","prohibition_signs","public\images\signs\prohibition_signs\C22 Verboden toegang voor bestuurders van autocars.png"
"C:\Users\haydar\Desktop\end_project\readyroad_front_end\web_app\public\images\signs\prohibition_signs\C23 Verboden toegang voor bestuurders van voertuigen bestemd of gebruikt voor het vervoer van zaken.png","C23 Verboden toegang voor bestuurders van voertuigen bestemd of gebruikt voor het vervoer van zaken.png","C23 Verboden toegang voor bestuurders van voertuigen bestemd of gebruikt voor het vervoer van zaken","C:\Users\haydar\Desktop\end_project\readyroad_front_end\web_app\public\images\signs\prohibition_signs","prohibition_signs","public\images\signs\prohibition_signs\C23 Verboden toegang voor bestuurders van voertuigen bestemd of gebruikt voor het vervoer van zaken.png"
"C:\Users\haydar\Desktop\end_project\readyroad_front_end\web_app\public\images\signs\prohibition_signs\C24a Verboden toegang voor bestuurders van voertuigen die gevaarlijke goederen vervoeren.png","C24a Verboden toegang voor bestuurders van voertuigen die gevaarlijke goederen vervoeren.png","C24a Verboden toegang voor bestuurders van voertuigen die gevaarlijke goederen vervoeren","C:\Users\haydar\Desktop\end_project\readyroad_front_end\web_app\public\images\signs\prohibition_signs","prohibition_signs","public\images\signs\prohibition_signs\C24a Verboden toegang voor bestuurders van voertuigen die gevaarlijke goederen vervoeren.png"
"C:\Users\haydar\Desktop\end_project\readyroad_front_end\web_app\public\images\signs\prohibition_signs\C24b Verboden toegang voor bestuurders van voertuigen die gevaarlijke ontvlambare of ontplofbare stoffen vervoeren.png","C24b Verboden toegang voor bestuurders van voertuigen die gevaarlijke ontvlambare of ontplofbare stoffen vervoeren.png","C24b Verboden toegang voor bestuurders van voertuigen die gevaarlijke ontvlambare of ontplofbare stoffen vervoeren","C:\Users\haydar\Desktop\end_project\readyroad_front_end\web_app\public\images\signs\prohibition_signs","prohibition_signs","public\images\signs\prohibition_signs\C24b Verboden toegang voor bestuurders van voertuigen die gevaarlijke ontvlambare of ontplofbare stoffen vervoeren.png"
"C:\Users\haydar\Desktop\end_project\readyroad_front_end\web_app\public\images\signs\prohibition_signs\C24c Verboden toegang voor bestuurders van voertuigen die gevaarlijke verontreinigende stoffen vervoeren.png","C24c Verboden toegang voor bestuurders van voertuigen die gevaarlijke verontreinigende stoffen vervoeren.png","C24c Verboden toegang voor bestuurders van voertuigen die gevaarlijke verontreinigende stoffen vervoeren","C:\Users\haydar\Desktop\end_project\readyroad_front_end\web_app\public\images\signs\prohibition_signs","prohibition_signs","public\images\signs\prohibition_signs\C24c Verboden toegang voor bestuurders van voertuigen die gevaarlijke verontreinigende stoffen vervoeren.png"
"C:\Users\haydar\Desktop\end_project\readyroad_front_end\web_app\public\images\signs\prohibition_signs\C25 Verboden voor voertuigen langer dan het aangeduide.png","C25 Verboden voor voertuigen langer dan het aangeduide.png","C25 Verboden voor voertuigen langer dan het aangeduide","C:\Users\haydar\Desktop\end_project\readyroad_front_end\web_app\public\images\signs\prohibition_signs","prohibition_signs","public\images\signs\prohibition_signs\C25 Verboden voor voertuigen langer dan het aangeduide.png"
"C:\Users\haydar\Desktop\end_project\readyroad_front_end\web_app\public\images\signs\prohibition_signs\C27 Verboden voor voertuigen breder dan het aangeduide.png","C27 Verboden voor voertuigen breder dan het aangeduide.png","C27 Verboden voor voertuigen breder dan het aangeduide","C:\Users\haydar\Desktop\end_project\readyroad_front_end\web_app\public\images\signs\prohibition_signs","prohibition_signs","public\images\signs\prohibition_signs\C27 Verboden voor voertuigen breder dan het aangeduide.png"
"C:\Users\haydar\Desktop\end_project\readyroad_front_end\web_app\public\images\signs\prohibition_signs\C28a Verboden toegang voor bestuurders van voertuigen of sleep breder dan het aangeduide.png","C28a Verboden toegang voor bestuurders van voertuigen of sleep breder dan het aangeduide.png","C28a Verboden toegang voor bestuurders van voertuigen of sleep breder dan het aangeduide","C:\Users\haydar\Desktop\end_project\readyroad_front_end\web_app\public\images\signs\prohibition_signs","prohibition_signs","public\images\signs\prohibition_signs\C28a Verboden toegang voor bestuurders van voertuigen of sleep breder dan het aangeduide.png"
"C:\Users\haydar\Desktop\end_project\readyroad_front_end\web_app\public\images\signs\prohibition_signs\C29 Verboden voor voertuigen hoger dan het aangeduide.png","C29 Verboden voor voertuigen hoger dan het aangeduide.png","C29 Verboden voor voertuigen hoger dan het aangeduide","C:\Users\haydar\Desktop\end_project\readyroad_front_end\web_app\public\images\signs\prohibition_signs","prohibition_signs","public\images\signs\prohibition_signs\C29 Verboden voor voertuigen hoger dan het aangeduide.png"
"C:\Users\haydar\Desktop\end_project\readyroad_front_end\web_app\public\images\signs\prohibition_signs\C3 Verboden toegang in beide richtingen voor iedere bestuurder.png","C3 Verboden toegang in beide richtingen voor iedere bestuurder.png","C3 Verboden toegang in beide richtingen voor iedere bestuurder","C:\Users\haydar\Desktop\end_project\readyroad_front_end\web_app\public\images\signs\prohibition_signs","prohibition_signs","public\images\signs\prohibition_signs\C3 Verboden toegang in beide richtingen voor iedere bestuurder.png"
"C:\Users\haydar\Desktop\end_project\readyroad_front_end\web_app\public\images\signs\prohibition_signs\C31a Verbod om links af te slaan.png","C31a Verbod om links af te slaan.png","C31a Verbod om links af te slaan","C:\Users\haydar\Desktop\end_project\readyroad_front_end\web_app\public\images\signs\prohibition_signs","prohibition_signs","public\images\signs\prohibition_signs\C31a Verbod om links af te slaan.png"
"C:\Users\haydar\Desktop\end_project\readyroad_front_end\web_app\public\images\signs\prohibition_signs\C31b Verbod rechts af te slaan.png","C31b Verbod rechts af te slaan.png","C31b Verbod rechts af te slaan","C:\Users\haydar\Desktop\end_project\readyroad_front_end\web_app\public\images\signs\prohibition_signs","prohibition_signs","public\images\signs\prohibition_signs\C31b Verbod rechts af te slaan.png"
"C:\Users\haydar\Desktop\end_project\readyroad_front_end\web_app\public\images\signs\prohibition_signs\C33 Verbod om te keren.png","C33 Verbod om te keren.png","C33 Verbod om te keren","C:\Users\haydar\Desktop\end_project\readyroad_front_end\web_app\public\images\signs\prohibition_signs","prohibition_signs","public\images\signs\prohibition_signs\C33 Verbod om te keren.png"
"C:\Users\haydar\Desktop\end_project\readyroad_front_end\web_app\public\images\signs\prohibition_signs\C35 Verbod een voertuig links in te halen.png","C35 Verbod een voertuig links in te halen.png","C35 Verbod een voertuig links in te halen","C:\Users\haydar\Desktop\end_project\readyroad_front_end\web_app\public\images\signs\prohibition_signs","prohibition_signs","public\images\signs\prohibition_signs\C35 Verbod een voertuig links in te halen.png"
"C:\Users\haydar\Desktop\end_project\readyroad_front_end\web_app\public\images\signs\prohibition_signs\C37 Einde verbod opgelegd door het verkeersbord C35.png","C37 Einde verbod opgelegd door het verkeersbord C35.png","C37 Einde verbod opgelegd door het verkeersbord C35","C:\Users\haydar\Desktop\end_project\readyroad_front_end\web_app\public\images\signs\prohibition_signs","prohibition_signs","public\images\signs\prohibition_signs\C37 Einde verbod opgelegd door het verkeersbord C35.png"
"C:\Users\haydar\Desktop\end_project\readyroad_front_end\web_app\public\images\signs\prohibition_signs\C39 Verbod voertuigen met toegelaten massa groter dan 3500 kg in te halen.png","C39 Verbod voertuigen met toegelaten massa groter dan 3500 kg in te halen.png","C39 Verbod voertuigen met toegelaten massa groter dan 3500 kg in te halen","C:\Users\haydar\Desktop\end_project\readyroad_front_end\web_app\public\images\signs\prohibition_signs","prohibition_signs","public\images\signs\prohibition_signs\C39 Verbod voertuigen met toegelaten massa groter dan 3500 kg in te halen.png"
"C:\Users\haydar\Desktop\end_project\readyroad_front_end\web_app\public\images\signs\prohibition_signs\C41 Einde van het verbod opgelegd door het verkeersbord C39.png","C41 Einde van het verbod opgelegd door het verkeersbord C39.png","C41 Einde van het verbod opgelegd door het verkeersbord C39","C:\Users\haydar\Desktop\end_project\readyroad_front_end\web_app\public\images\signs\prohibition_signs","prohibition_signs","public\images\signs\prohibition_signs\C41 Einde van het verbod opgelegd door het verkeersbord C39.png"
"C:\Users\haydar\Desktop\end_project\readyroad_front_end\web_app\public\images\signs\prohibition_signs\C43 Verbod te rijden met een grotere snelheid dan 10 km.png","C43 Verbod te rijden met een grotere snelheid dan 10 km.png","C43 Verbod te rijden met een grotere snelheid dan 10 km","C:\Users\haydar\Desktop\end_project\readyroad_front_end\web_app\public\images\signs\prohibition_signs","prohibition_signs","public\images\signs\prohibition_signs\C43 Verbod te rijden met een grotere snelheid dan 10 km.png"
"C:\Users\haydar\Desktop\end_project\readyroad_front_end\web_app\public\images\signs\prohibition_signs\C43 Verbod te rijden met een grotere snelheid dan 30 km.png","C43 Verbod te rijden met een grotere snelheid dan 30 km.png","C43 Verbod te rijden met een grotere snelheid dan 30 km","C:\Users\haydar\Desktop\end_project\readyroad_front_end\web_app\public\images\signs\prohibition_signs","prohibition_signs","public\images\signs\prohibition_signs\C43 Verbod te rijden met een grotere snelheid dan 30 km.png"
"C:\Users\haydar\Desktop\end_project\readyroad_front_end\web_app\public\images\signs\prohibition_signs\C43 Verbod te rijden met een grotere snelheid dan 50 km.png","C43 Verbod te rijden met een grotere snelheid dan 50 km.png","C43 Verbod te rijden met een grotere snelheid dan 50 km","C:\Users\haydar\Desktop\end_project\readyroad_front_end\web_app\public\images\signs\prohibition_signs","prohibition_signs","public\images\signs\prohibition_signs\C43 Verbod te rijden met een grotere snelheid dan 50 km.png"
"C:\Users\haydar\Desktop\end_project\readyroad_front_end\web_app\public\images\signs\prohibition_signs\C43 Verbod te rijden met een grotere snelheid dan 70 km.png","C43 Verbod te rijden met een grotere snelheid dan 70 km.png","C43 Verbod te rijden met een grotere snelheid dan 70 km","C:\Users\haydar\Desktop\end_project\readyroad_front_end\web_app\public\images\signs\prohibition_signs","prohibition_signs","public\images\signs\prohibition_signs\C43 Verbod te rijden met een grotere snelheid dan 70 km.png"
"C:\Users\haydar\Desktop\end_project\readyroad_front_end\web_app\public\images\signs\prohibition_signs\C45 Einde van de snelheidsbeperking opgelegd door het verkeersbord C43.png","C45 Einde van de snelheidsbeperking opgelegd door het verkeersbord C43.png","C45 Einde van de snelheidsbeperking opgelegd door het verkeersbord C43","C:\Users\haydar\Desktop\end_project\readyroad_front_end\web_app\public\images\signs\prohibition_signs","prohibition_signs","public\images\signs\prohibition_signs\C45 Einde van de snelheidsbeperking opgelegd door het verkeersbord C43.png"
"C:\Users\haydar\Desktop\end_project\readyroad_front_end\web_app\public\images\signs\prohibition_signs\C46 Einde van alle plaatselijke verbodsbepalingen opgelegd aan de voertuigen in beweging.png","C46 Einde van alle plaatselijke verbodsbepalingen opgelegd aan de voertuigen in beweging.png","C46 Einde van alle plaatselijke verbodsbepalingen opgelegd aan de voertuigen in beweging","C:\Users\haydar\Desktop\end_project\readyroad_front_end\web_app\public\images\signs\prohibition_signs","prohibition_signs","public\images\signs\prohibition_signs\C46 Einde van alle plaatselijke verbodsbepalingen opgelegd aan de voertuigen in beweging.png"
"C:\Users\haydar\Desktop\end_project\readyroad_front_end\web_app\public\images\signs\prohibition_signs\C47 Tolpost. Verbod voorbij te rijden zonder te stoppen.png","C47 Tolpost. Verbod voorbij te rijden zonder te stoppen.png","C47 Tolpost. Verbod voorbij te rijden zonder te stoppen","C:\Users\haydar\Desktop\end_project\readyroad_front_end\web_app\public\images\signs\prohibition_signs","prohibition_signs","public\images\signs\prohibition_signs\C47 Tolpost. Verbod voorbij te rijden zonder te stoppen.png"
"C:\Users\haydar\Desktop\end_project\readyroad_front_end\web_app\public\images\signs\prohibition_signs\C6 Verboden toegang voor bestuurders van quads.png","C6 Verboden toegang voor bestuurders van quads.png","C6 Verboden toegang voor bestuurders van quads","C:\Users\haydar\Desktop\end_project\readyroad_front_end\web_app\public\images\signs\prohibition_signs","prohibition_signs","public\images\signs\prohibition_signs\C6 Verboden toegang voor bestuurders van quads.png"
"C:\Users\haydar\Desktop\end_project\readyroad_front_end\web_app\public\images\signs\prohibition_signs\C9 Verboden toegang voor bestuurders van bromfietsen.png","C9 Verboden toegang voor bestuurders van bromfietsen.png","C9 Verboden toegang voor bestuurders van bromfietsen","C:\Users\haydar\Desktop\end_project\readyroad_front_end\web_app\public\images\signs\prohibition_signs","prohibition_signs","public\images\signs\prohibition_signs\C9 Verboden toegang voor bestuurders van bromfietsen.png"
"C:\Users\haydar\Desktop\end_project\readyroad_front_end\web_app\public\images\signs\road_markings\F39 Aankondiging van een omleiding.png","F39 Aankondiging van een omleiding.png","F39 Aankondiging van een omleiding","C:\Users\haydar\Desktop\end_project\readyroad_front_end\web_app\public\images\signs\road_markings","road_markings","public\images\signs\road_markings\F39 Aankondiging van een omleiding.png"
"C:\Users\haydar\Desktop\end_project\readyroad_front_end\web_app\public\images\signs\road_markings\F79 Tijdelijke verdeling van de rijstroken (met afstandsaanduiding).png","F79 Tijdelijke verdeling van de rijstroken (met afstandsaanduiding).png","F79 Tijdelijke verdeling van de rijstroken (met afstandsaanduiding)","C:\Users\haydar\Desktop\end_project\readyroad_front_end\web_app\public\images\signs\road_markings","road_markings","public\images\signs\road_markings\F79 Tijdelijke verdeling van de rijstroken (met afstandsaanduiding).png"
"C:\Users\haydar\Desktop\end_project\readyroad_front_end\web_app\public\images\signs\road_markings\F81 Voorwegwijzer uitwijking.png","F81 Voorwegwijzer uitwijking.png","F81 Voorwegwijzer uitwijking","C:\Users\haydar\Desktop\end_project\readyroad_front_end\web_app\public\images\signs\road_markings","road_markings","public\images\signs\road_markings\F81 Voorwegwijzer uitwijking.png"
"C:\Users\haydar\Desktop\end_project\readyroad_front_end\web_app\public\images\signs\road_markings\F83 Versmalling van de rijbaan.png","F83 Versmalling van de rijbaan.png","F83 Versmalling van de rijbaan","C:\Users\haydar\Desktop\end_project\readyroad_front_end\web_app\public\images\signs\road_markings","road_markings","public\images\signs\road_markings\F83 Versmalling van de rijbaan.png"
"C:\Users\haydar\Desktop\end_project\readyroad_front_end\web_app\public\images\signs\road_markings\F85 Verlegging van de rijbaan.png","F85 Verlegging van de rijbaan.png","F85 Verlegging van de rijbaan","C:\Users\haydar\Desktop\end_project\readyroad_front_end\web_app\public\images\signs\road_markings","road_markings","public\images\signs\road_markings\F85 Verlegging van de rijbaan.png"
"C:\Users\haydar\Desktop\end_project\readyroad_front_end\web_app\public\images\signs\road_markings\F89 Aanduiding van de maximumsnelheid per rijstrook.png","F89 Aanduiding van de maximumsnelheid per rijstrook.png","F89 Aanduiding van de maximumsnelheid per rijstrook","C:\Users\haydar\Desktop\end_project\readyroad_front_end\web_app\public\images\signs\road_markings","road_markings","public\images\signs\road_markings\F89 Aanduiding van de maximumsnelheid per rijstrook.png"
"C:\Users\haydar\Desktop\end_project\readyroad_front_end\web_app\public\images\signs\road_markings\F91 Aanduiding van de maximumsnelheid per rijstrook (zonder afstand).png","F91 Aanduiding van de maximumsnelheid per rijstrook (zonder afstand).png","F91 Aanduiding van de maximumsnelheid per rijstrook (zonder afstand)","C:\Users\haydar\Desktop\end_project\readyroad_front_end\web_app\public\images\signs\road_markings","road_markings","public\images\signs\road_markings\F91 Aanduiding van de maximumsnelheid per rijstrook (zonder afstand).png"
"C:\Users\haydar\Desktop\end_project\readyroad_front_end\web_app\public\images\signs\road_markings\F95 Einde van een rijstrook.png","F95 Einde van een rijstrook.png","F95 Einde van een rijstrook","C:\Users\haydar\Desktop\end_project\readyroad_front_end\web_app\public\images\signs\road_markings","road_markings","public\images\signs\road_markings\F95 Einde van een rijstrook.png"
"C:\Users\haydar\Desktop\end_project\readyroad_front_end\web_app\public\images\signs\road_markings\F98 Bijzondere rijstrookregeling.png","F98 Bijzondere rijstrookregeling.png","F98 Bijzondere rijstrookregeling","C:\Users\haydar\Desktop\end_project\readyroad_front_end\web_app\public\images\signs\road_markings","road_markings","public\images\signs\road_markings\F98 Bijzondere rijstrookregeling.png"
"C:\Users\haydar\Desktop\end_project\readyroad_front_end\web_app\public\images\signs\zone_signs\ZC21- Einde zone verboden toegang voor bestuurders van voertuigen waarvan de massa hoger dan 3500 kg.png","ZC21- Einde zone verboden toegang voor bestuurders van voertuigen waarvan de massa hoger dan 3500 kg.png","ZC21- Einde zone verboden toegang voor bestuurders van voertuigen waarvan de massa hoger dan 3500 kg","C:\Users\haydar\Desktop\end_project\readyroad_front_end\web_app\public\images\signs\zone_signs","zone_signs","public\images\signs\zone_signs\ZC21- Einde zone verboden toegang voor bestuurders van voertuigen waarvan de massa hoger dan 3500 kg.png"
"C:\Users\haydar\Desktop\end_project\readyroad_front_end\web_app\public\images\signs\zone_signs\ZC21 Zone verboden toegang voor bestuurders van voertuigen waarvan de massa hoger dan 3500 kg.png","ZC21 Zone verboden toegang voor bestuurders van voertuigen waarvan de massa hoger dan 3500 kg.png","ZC21 Zone verboden toegang voor bestuurders van voertuigen waarvan de massa hoger dan 3500 kg","C:\Users\haydar\Desktop\end_project\readyroad_front_end\web_app\public\images\signs\zone_signs","zone_signs","public\images\signs\zone_signs\ZC21 Zone verboden toegang voor bestuurders van voertuigen waarvan de massa hoger dan 3500 kg.png"
"C:\Users\haydar\Desktop\end_project\readyroad_front_end\web_app\public\images\signs\zone_signs\ZC35- Einde zone verboden inhalen.png","ZC35- Einde zone verboden inhalen.png","ZC35- Einde zone verboden inhalen","C:\Users\haydar\Desktop\end_project\readyroad_front_end\web_app\public\images\signs\zone_signs","zone_signs","public\images\signs\zone_signs\ZC35- Einde zone verboden inhalen.png"
"C:\Users\haydar\Desktop\end_project\readyroad_front_end\web_app\public\images\signs\zone_signs\ZC35 Zone verboden inhalen.png","ZC35 Zone verboden inhalen.png","ZC35 Zone verboden inhalen","C:\Users\haydar\Desktop\end_project\readyroad_front_end\web_app\public\images\signs\zone_signs","zone_signs","public\images\signs\zone_signs\ZC35 Zone verboden inhalen.png"
"C:\Users\haydar\Desktop\end_project\readyroad_front_end\web_app\public\images\signs\zone_signs\ZC43 Zone met een snelheidsbeperking.png","ZC43 Zone met een snelheidsbeperking.png","ZC43 Zone met een snelheidsbeperking","C:\Users\haydar\Desktop\end_project\readyroad_front_end\web_app\public\images\signs\zone_signs","zone_signs","public\images\signs\zone_signs\ZC43 Zone met een snelheidsbeperking.png"
"C:\Users\haydar\Desktop\end_project\readyroad_front_end\web_app\public\images\signs\zone_signs\ZC45 Einde zone met een snelheidsbeperking.png","ZC45 Einde zone met een snelheidsbeperking.png","ZC45 Einde zone met een snelheidsbeperking","C:\Users\haydar\Desktop\end_project\readyroad_front_end\web_app\public\images\signs\zone_signs","zone_signs","public\images\signs\zone_signs\ZC45 Einde zone met een snelheidsbeperking.png"
"C:\Users\haydar\Desktop\end_project\readyroad_front_end\web_app\public\images\signs\zone_signs\ZC5- Einde zone verboden toegang voor motorvoertuigen met meer dan 2 wielen.png","ZC5- Einde zone verboden toegang voor motorvoertuigen met meer dan 2 wielen.png","ZC5- Einde zone verboden toegang voor motorvoertuigen met meer dan 2 wielen","C:\Users\haydar\Desktop\end_project\readyroad_front_end\web_app\public\images\signs\zone_signs","zone_signs","public\images\signs\zone_signs\ZC5- Einde zone verboden toegang voor motorvoertuigen met meer dan 2 wielen.png"
"C:\Users\haydar\Desktop\end_project\readyroad_front_end\web_app\public\images\signs\zone_signs\ZC5 Zone verboden toegang voor motorvoertuigen met meer dan 2 wielen.png","ZC5 Zone verboden toegang voor motorvoertuigen met meer dan 2 wielen.png","ZC5 Zone verboden toegang voor motorvoertuigen met meer dan 2 wielen","C:\Users\haydar\Desktop\end_project\readyroad_front_end\web_app\public\images\signs\zone_signs","zone_signs","public\images\signs\zone_signs\ZC5 Zone verboden toegang voor motorvoertuigen met meer dan 2 wielen.png"
"C:\Users\haydar\Desktop\end_project\readyroad_front_end\web_app\public\images\signs\zone_signs\ZE1- Einde zone parkeerverbod.png","ZE1- Einde zone parkeerverbod.png","ZE1- Einde zone parkeerverbod","C:\Users\haydar\Desktop\end_project\readyroad_front_end\web_app\public\images\signs\zone_signs","zone_signs","public\images\signs\zone_signs\ZE1- Einde zone parkeerverbod.png"
"C:\Users\haydar\Desktop\end_project\readyroad_front_end\web_app\public\images\signs\zone_signs\ZE1 Zone parkeerverbod.png","ZE1 Zone parkeerverbod.png","ZE1 Zone parkeerverbod","C:\Users\haydar\Desktop\end_project\readyroad_front_end\web_app\public\images\signs\zone_signs","zone_signs","public\images\signs\zone_signs\ZE1 Zone parkeerverbod.png"
"C:\Users\haydar\Desktop\end_project\readyroad_front_end\web_app\public\images\signs\zone_signs\ZE9a- Einde zone parkeren uitsluitend voor auto's.png","ZE9a- Einde zone parkeren uitsluitend voor auto's.png","ZE9a- Einde zone parkeren uitsluitend voor auto's","C:\Users\haydar\Desktop\end_project\readyroad_front_end\web_app\public\images\signs\zone_signs","zone_signs","public\images\signs\zone_signs\ZE9a- Einde zone parkeren uitsluitend voor auto's.png"
"C:\Users\haydar\Desktop\end_project\readyroad_front_end\web_app\public\images\signs\zone_signs\ZE9a Zone parkeren uitsluitend voor auto's.png","ZE9a Zone parkeren uitsluitend voor auto's.png","ZE9a Zone parkeren uitsluitend voor auto's","C:\Users\haydar\Desktop\end_project\readyroad_front_end\web_app\public\images\signs\zone_signs","zone_signs","public\images\signs\zone_signs\ZE9a Zone parkeren uitsluitend voor auto's.png"
"C:\Users\haydar\Desktop\end_project\readyroad_front_end\web_app\public\images\signs\zone_signs\ZE9aT- Einde zone parkeren uitsluitend voor auto's.png","ZE9aT- Einde zone parkeren uitsluitend voor auto's.png","ZE9aT- Einde zone parkeren uitsluitend voor auto's","C:\Users\haydar\Desktop\end_project\readyroad_front_end\web_app\public\images\signs\zone_signs","zone_signs","public\images\signs\zone_signs\ZE9aT- Einde zone parkeren uitsluitend voor auto's.png"
"C:\Users\haydar\Desktop\end_project\readyroad_front_end\web_app\public\images\signs\zone_signs\ZE9aT Zone parkeren uitsluitend voor auto's.png","ZE9aT Zone parkeren uitsluitend voor auto's.png","ZE9aT Zone parkeren uitsluitend voor auto's","C:\Users\haydar\Desktop\end_project\readyroad_front_end\web_app\public\images\signs\zone_signs","zone_signs","public\images\signs\zone_signs\ZE9aT Zone parkeren uitsluitend voor auto's.png"
"C:\Users\haydar\Desktop\end_project\readyroad_front_end\web_app\public\images\signs\zone_signs\ZONE F111- ZONE Fietsstraat.png","ZONE F111- ZONE Fietsstraat.png","ZONE F111- ZONE Fietsstraat","C:\Users\haydar\Desktop\end_project\readyroad_front_end\web_app\public\images\signs\zone_signs","zone_signs","public\images\signs\zone_signs\ZONE F111- ZONE Fietsstraat.png"
"C:\Users\haydar\Desktop\end_project\readyroad_front_end\web_app\public\images\signs\zone_signs\ZONE F113- Einde ZONE Fietsstraat.png","ZONE F113- Einde ZONE Fietsstraat.png","ZONE F113- Einde ZONE Fietsstraat","C:\Users\haydar\Desktop\end_project\readyroad_front_end\web_app\public\images\signs\zone_signs","zone_signs","public\images\signs\zone_signs\ZONE F113- Einde ZONE Fietsstraat.png"
